,0,1,2,3,4,5,6,7,8,9
0,-1.7625753481830018,-1.1202015044770224,0.06131520245828102,0.7664528640048035,1.714228227407617,-0.22446796815581402,-0.453565962951005,0.29753735773236883,-0.4077128832898107,0.0897796447204599
1,-4.745700941961428,2.3537523467431876,0.404271394602188,-1.5985825997622556,3.1186784976730277,-0.24588093184184326,0.6095208672860915,-0.35066069646130665,-0.003456293280710984,-0.06674795162244372
2,4.831690394036622,1.9622402385918443,0.8983734535376747,0.3867750231339701,-0.033467494778048175,-1.2936310646011306,0.6010750530116935,0.13999896550107338,0.02459939798224598,-0.2517147638159924
3,2.545331598509887,1.7918038483076724,1.3617040758823509,1.3411765722724094,0.16980778205143005,-0.5215270995850291,-1.0579676939080782,0.9772440446881491,0.6698143432209858,-0.007033275087140589
4,2.157563825347616,-3.771623006188442,-0.11538592810939796,-1.1149461545017887,0.4471805417119739,-0.13056886984494728,-0.10642504252392847,-0.8549483086289902,0.3313684087462038,-0.3376051032337252
5,-0.6914183992785506,1.1097743723918612,1.3009533188875513,-0.4592734130796222,-0.7939482599698364,1.103599601296324,0.12518431271495978,0.1865575084559043,-0.39814520747150456,0.38365063476598826
6,-0.4802227044450972,0.5900455471989373,0.3793423668361445,-1.255995963663353,0.6687642930559771,1.392404570143511,-0.951068038373855,0.628402992886084,0.3971953507436856,0.3338717015156809
7,-0.49637456416569536,-2.2589587229306556,-0.14287620963410622,1.4735589246172702,-0.8918657927404243,-0.6518595614522759,-0.09645720740084734,0.37653067007746027,-0.004706489132590678,-0.18507393170557032
8,2.571955697942674,-0.22498285318795863,-0.46520928720116733,-1.0604979887863812,0.5209034688227094,0.047155879675036594,-0.8134208461947388,-0.50333106331536,0.2754066290049824,-0.7196048076149888
9,-1.2389064266938818,-0.5584578053618254,-1.1591681120377995,0.6983332995639177,-0.44488178144997303,1.107892498922235,-0.25409202339541825,0.4441531043898561,0.04232824552003641,-0.08232687371940052
10,-2.27862796430231,-0.0689913398266955,-0.03775317664559253,-2.5052319950820428,-0.4920262882800794,-0.030720929117848902,-0.3447383908091234,0.6209064826525755,0.06466345796456947,0.13599970013002535
11,-2.870506954017805,-1.1832431056763841,2.2459992857132867,0.11987265165072192,2.135431862867784,-0.6530452588098627,0.6866547574826337,0.6479514700947167,-0.4792633953902674,-0.23787130562202025
12,-1.583827291910524,-1.3552047898969817,-0.8000469168746077,0.6980011706224714,-0.7375002779482137,-0.5046875546975168,-0.057287539295977845,0.5759639550235935,0.09422481662569539,-0.047864707980963546
13,3.7427797819510507,1.2425267109458238,0.6799523106574675,0.33408881765509435,0.20296961147882236,0.4104913388130038,-0.14606279628057178,0.3890464789300446,0.3763467933602733,-1.0107468165521103
14,-3.6716601415156305,-0.7348587949776823,-0.035223634391700016,1.4278007987974601,1.8111294007550747,-1.60658852873013,1.0416968938111681,0.17700976691369594,-0.3103182586551324,-0.47961202692332
15,-3.404989235202408,2.017770800471862,1.4576981625614944,-0.11492756548366576,0.660935192025882,1.3105726833392648,0.6076495893139978,-0.7308363853192436,0.511100989340532,0.08766572024303586
16,-0.34954774948042927,-1.354496412751186,-1.0152711641448837,-0.7729907004609929,-0.16609017520306504,-0.5032847744213791,-0.5487525364114962,0.2972326786289133,0.00689947601974758,0.09256574858530454
17,-0.38558543623972336,-0.6067068874899816,-0.535955722263525,1.952374842843246,1.1989620393979556,1.6938345571733735,-0.4899966021773832,0.41009615636558716,-0.002998363158010405,0.47622107775369793
18,3.0994715214328683,-1.1706030018393179,1.508328061649463,-0.5102233475259562,-0.02484318152718724,0.23786567928332097,1.053700821592535,-0.19683664012186874,-0.03426562126388542,0.06693086039605003
19,-0.15304448827199996,-2.0281538725101784,-0.9488398753356786,-0.8867818764944815,-0.24471957016016893,-0.11847826472725567,0.04939892191509017,0.4386730770469189,-0.001963873641213349,-0.09946957763487213
20,-3.788191514399339,2.095803248446172,2.0533706193341486,0.6496327097002492,2.535999484390154,0.22007152545171582,0.7499759071526723,-1.113544166132125,-0.055019128623011636,0.10410352453588413
21,-3.017888437554801,-0.4464517592559534,-0.8477502357053565,-0.7917722120632074,1.224836764634573,-0.4803836218605099,0.4189068743334325,1.033101493325669,0.28102839141266334,-0.04235346051858181
22,-0.09207017530163428,1.1436496434112913,-0.2513398009713872,0.818300561733254,0.6717512392321144,0.16155374197320202,-0.7279921523815445,0.28123736408920835,0.1978069179418694,0.6221839830011241
23,1.02735237799989,-0.6575315677348921,-0.2913004254690541,-1.1169773878604734,-0.020268659938844642,-0.42475565056733006,-0.5552952196055059,-0.20626179592053148,-0.05688760692739023,-0.05457843509401801
24,2.1085706364432033,1.7972912824529397,0.029570915768856,0.920488232906224,-0.5494104991969704,-0.2700323621491248,-0.13642235258191496,-0.30742250236807694,-0.4980010664186115,-0.38350599157194293
25,0.9437610316991163,0.12446774652790651,-1.7453183420301004,-0.5354457656605326,-0.39080554011992075,0.12956710221716916,1.7615595662275287,0.7037953253541329,-0.5593590961511152,0.20970367128904668
26,-2.5217209863777006,0.8996166672022707,-0.8445038811257621,0.784938803043251,-1.3697286388301384,-0.3240348455613213,0.546408193224024,-0.44138535099750337,-0.32987803228426854,0.07408636643976745
27,0.58197597406247,-0.2956331034819128,-0.22228054642923548,-2.5433411246741393,0.20537554502269167,1.1502643606169822,0.47061821521482883,0.349149900926192,-0.12755433443946324,-0.03332506758304309
28,3.9356850436046784,4.085997076487968,0.3071417507235385,-0.07799494983251447,-0.11532014251385558,-1.5516712458303996,-0.20437399478269475,0.9217904348922713,-0.18619087080576474,0.31747699866378015
29,-2.6818985630228784,-0.7539065091187437,2.0829143964486465,0.23774515036331018,0.38591421525283226,-0.57211199930671,-0.16843181545214236,-0.713681032517032,0.24860659520737188,-0.08722082756580025
30,-3.8445624793741997,1.379031620301443,1.3345905236164224,-0.8519762200028721,-0.7375276655842316,0.3696364956435774,1.150393910045166,-0.3027033003533282,0.9886559675082354,-0.0034289489318573277
31,-3.7767619364035765,-0.13023195712844893,-0.457057430353228,0.9546369111866185,0.3419954231228196,-1.4247847388137176,0.955370727002254,-0.192898796616734,0.49503354843262165,-0.27082462180099204
32,-1.2133288218603457,-0.6232512811490803,-0.09644644586855175,0.39262478878192053,-1.050241734432599,-0.41556442782574265,-0.3719079580373246,-0.42071097161222876,-0.5328914172027821,0.09074199825834518
33,2.550556538963207,0.5572538988415919,-1.6965378084676472,0.3475446135945349,0.3527173007368586,0.7930061097828475,0.07569875226838603,-0.26917487715358746,-0.006487580805896155,-0.21346329913952178
34,0.14759708385332862,-1.7194231730685485,-1.6678235818139036,-0.04475618717776155,0.19354316706588354,0.0023873193264692177,-0.5361121771520463,0.5166355614070679,0.2944592364991128,-0.00955542965977168
35,0.8040101676707229,-1.0622326280343368,0.978717070590756,0.47782461095728945,-0.057546456279408055,0.040686219203375416,-0.5202812428025627,0.5849088096417878,0.33820417256830027,0.2295936373342979
36,1.931876075678346,1.6810072412717634,0.5504230567197984,0.5031986555513424,0.5829661592866392,0.27256238200200156,-1.5672944229620038,0.7648813093960877,0.676340837069395,-0.6210847562548424
37,-3.3592879627462575,1.946327704939926,-2.055039116146359,-0.3937577620089292,0.49529984369465135,-0.3081642608453686,0.21818115998443396,-0.1730542002571999,0.6120606668922797,0.2567987344977277
38,1.858562023654163,-0.5841429357789193,0.7547730305772792,-0.04189505570647241,-0.49436227450404296,-0.9919257322771144,0.11142575761887698,-0.2123944980729448,-0.2764436555188641,-0.08270647966886266
39,-3.5243255089810415,0.5089319612632696,-1.1379153386656506,-1.1040970152537997,0.3075225516414242,-0.7039960516987134,0.41431527996923084,0.317377014944273,0.531528212782133,0.03923445548617827
40,-0.9817430652564056,0.4793046626269733,-1.2775473014913272,0.6743116958984654,-0.503867350225608,0.7824152141325992,-0.44947753374079674,0.10439422844831764,-0.171155023532814,-0.21332389249130015
41,-0.7583988578176323,-0.7812495497303664,2.1706417391131834,0.5546635268086534,-0.8899766484923612,1.7084803885562543,-0.03199671238796868,0.096314828563892,-0.09816408440881046,0.02413213954432236
42,-0.7658212495967914,-0.012155333264392281,-0.2573464051373014,-1.0707244775171463,0.02393389789009133,-0.3141586932276632,-0.8022362028915333,0.6243843347083989,0.3053506339330558,0.21313506648929814
43,1.0900630117906382,-0.5102102179915765,1.0652883558645412,0.5705650333936721,-0.16308967134873864,-0.5476616514525882,-0.8206368885126996,0.2928653218897665,0.3369097542597762,-0.41406676369314827
44,-0.35761670557277647,-0.35612388283527535,-1.1824401633013166,0.13111708770851294,-1.0075456771453455,-0.633242600365169,0.721457427069052,0.11796735744048219,-0.8010929304147477,-0.2496426818592587
45,2.3725381605554947,2.0421168634103997,0.07298771801082424,0.9401869373220167,-0.5104928993711879,-0.20478530162355596,0.0814881874956823,0.018019783860385215,-0.41669413448990517,-0.36687422146017024
46,-3.465081066717812,1.8249275289842701,1.9089927642113313,0.2831013012365454,0.14161924275734217,1.4588229516406979,1.0497836258975501,-0.6387445052516904,0.7502308985675537,-0.03489979836958519
47,1.2047074187663371,-0.260831715276221,-1.2307351127655586,0.9936955526820185,-0.12319761850136245,0.7640887459751334,-0.44225666701170424,-0.9277617152749542,-0.359498861778033,0.1925807543888301
48,-0.08449182242343341,-0.3250414424735345,-1.2081788625740595,0.9622190002705939,-0.439780888049238,0.8121109877007132,-0.66500261414847,-0.9051848778610816,-0.500295913324722,0.141418416354655
49,0.24984260721866924,-0.2498258873518074,-0.022463290941874305,-1.0335272219317817,-0.5592892958175532,-0.7191632480503951,-0.007031676089008077,0.015991462841104358,-0.47318548382502607,0.09262070840445935
50,1.4724504818746762,-1.24728997154329,-0.2763868783959966,2.193673491829071,0.5023233322707454,1.3080258767318955,-0.48482898889442627,0.1881311464594107,0.32317005353130673,0.3185103071720803
51,4.523051942384317,0.7637632570578539,0.8228084996231682,0.5198513182259028,0.263551724612248,-0.9908328979492839,-0.03481112335661367,0.08698254945904667,0.2828010821176448,0.5613703034135689
52,-1.6876795825440278,1.1588979926037286,0.574374042539782,-1.2715717048753643,-0.342945815469176,2.786063008573715,0.2336035755257486,1.0550699065564573,-0.13011955624009894,0.17663297674624737
53,-1.6734787928910335,-0.587966531562877,-0.9268943041911691,-0.6524590649504486,-0.8021166218812578,-0.7809869072335137,-0.7661089693176263,-0.36486537274063036,-0.44251856389229355,-0.01585301294716388
54,-3.7757042496297406,1.053540168271333,-0.8818693670439258,0.9083258141643527,1.5553958870455418,-0.34249111222708367,0.7246681173500156,-0.2994072468724938,0.08642255306115329,-0.19607708724694495
55,0.1765757998660816,-0.054072882377308576,-1.4387712174761036,-1.1476349030014232,-0.17368949783821133,-0.5036392512513792,-0.4826778789371492,-0.13827437360058287,-0.3085914402433349,-0.07483913374700268
56,-3.069648131021964,-0.0646494659212343,-1.2061271914320268,-1.108881332070756,0.3489791949715879,-0.6426042817345128,-0.011775855961735358,0.3859550755187239,0.6383503810485955,0.083590953548328
57,-2.5345728343224883,1.0832382769052116,-1.042795689158904,-0.4549842037018373,-0.16723041972014763,0.056758885883896076,-0.4378251650735237,-0.4915707760793541,0.42091224195698435,0.21526087900048899
58,-1.6785256673365245,-0.5800761939203555,-0.6652280747839275,1.1036101790916197,0.9383997712644049,0.12867899491242005,0.4603310510984568,1.0270889222447057,-0.04688081086734363,0.3875930980542483
59,-2.890379620431441,-1.3049673467075513,-0.20995305913943574,1.2336347723245187,-0.6450297699240757,-1.3811178539663838,0.44808684834742263,-0.13251213852934043,0.7505927086190144,-0.1953814415177016
60,1.1207606161748689,-2.3195933763007153,-0.15205002286353647,0.33706763902461767,-0.19793186794376078,0.32532651029444876,0.12986334806636587,-0.22279504671051995,-0.0033846954767008165,0.014933425435140403
61,-1.18516718018107,1.8661723539256716,-0.11902206840619889,0.5330575028896166,-0.8365165380637294,0.34895369516322616,-0.0308582363738654,0.2726259342192527,0.06059581648222994,-0.5548189338524905
62,1.6123956048137127,-1.5024577587514367,-0.035051344716981285,-0.7296330691282394,0.5656322199842961,0.5802208328146133,-0.24914201117438237,0.5158306281414293,0.5062335995398202,0.19349228443711178
63,3.5083897132076056,-2.7219250187536037,-0.6725820567889311,-1.4293972497889211,1.5689881731899225,0.8060222472354012,0.12655752707174672,-0.5360144239282095,0.7072844154620093,-0.13940687150920464
64,2.918792867923832,0.25658671101383035,-0.41489581153445493,-1.0320387431805476,0.488111379554303,-0.10937845163183652,-0.5292597618577531,-0.3576426753826744,0.21579284291493087,-0.61607165687504
65,-1.242316564882461,-0.9627759296248889,0.35732563986657595,1.0740084088715227,-0.30320737777312584,-0.07189021798978876,-0.4940195723967257,0.014293499993747169,0.1972967300937748,0.07794236108128
66,-2.501339837816372,0.23288489399930296,1.6004870774087079,-0.5176690194544304,-1.4662383320298509,-0.21587594115928727,0.12109875938150803,-0.6413820401842836,-0.4457481161900674,-0.1249025150768144
67,1.9860717283112972,-0.3987957516957626,-0.9990043998234602,1.2212971367698506,-0.0173757589161669,0.7770840686112147,-0.054481878329637606,-0.7061563460760611,-0.20759454569169666,0.252381560724094
68,3.1177605210993566,1.5560130263597143,-0.4998415684092884,-1.0616866775888563,0.3390318815673432,-0.6411199427477389,-0.539545907181888,-0.4743806654828863,-0.07976350274038779,-0.41716644420549565
69,-0.02343817276701507,0.9165574571027743,-0.7820128841494983,-0.27134895598604936,-0.7276912160111927,-0.394969234598453,0.10234358909636364,-0.5153934606940994,-0.9093377687012366,0.5817156134155061
70,0.8733755677466817,0.4116249106222452,-0.02454790842042535,2.2180451652010444,-0.23724324877336367,0.8253803440415953,-0.08628893568792063,1.1007266002718923,0.4382233218255286,-0.16975128942983866
71,-1.1419740460404357,0.06812152255021056,0.9814973858149828,-1.2537511342530225,-1.0587716442938335,-0.36449210729031284,-0.08542307132927991,-0.23002621456990108,-0.7623981121652278,-0.08497910034946803
72,3.0353436760557657,1.4905622683228787,0.7103924979529358,0.4400177329010049,-0.18126729332718536,-1.2944366585051827,-0.5799959667844048,-0.13621613969365498,-0.12299628169485398,0.6675334056148841
73,-3.107913259114213,0.9394167611256826,-0.9478428076678,0.6846270256787513,-0.4117944544193357,-0.17393539525420804,0.8468666766318449,-0.07697996628464665,0.562722463030666,0.1944580552258759
74,-2.5088550328230426,-0.7291182217712339,-1.8086376690385204,-0.5445830535471298,-0.41757473373115145,-0.3036958801216697,0.1217185366272873,0.926987754125389,0.8858587652239801,0.12434947603046545
75,-2.900104232187506,0.11002693316293374,-1.2473262219638759,-0.0032878025788018396,-1.126134025960714,-0.5556950604940574,0.6963442810854941,0.34673328965305217,0.2093038914730898,-0.15947510761411754
76,3.0676784900948846,1.0417943388186817,-0.6033361614669627,-1.2372933065812008,0.44378851412664266,-0.34238714514014024,-0.4235027819715693,-0.441206063510205,-0.003291598921257213,-0.529586620946485
77,1.2331998098518906,-0.341938309495727,-0.898157418675195,-0.23411761533180384,0.011451666248645895,0.4281185719405593,-0.4224821220136467,-0.576604047795632,-0.17884315843499046,-0.2887482736380158
78,0.6033387011870451,-1.4833275511154176,1.867586373893537,-0.11720993483123333,-0.6743121414948486,0.9851121987443894,0.5130597810403602,0.06463956427239502,-0.25395594761333656,-0.28022003488850966
79,-0.34379352382566913,-0.3154293479951767,2.1266582935940357,0.47504144221312056,-1.0822569454082054,1.3703275482788233,0.17071300147319093,-0.4456294116527275,-0.6582687649451536,-0.09319761809257486
80,0.21035576939243028,0.044520145736458204,-1.1931965418703632,0.9325959175437397,-0.481405656180626,0.7478706975697902,-0.35748680906552543,-0.8417715253861503,-0.610406199483068,0.1408096332844038
81,3.402092518768127,2.3971643563739278,-0.5366339167254164,0.18759848703251086,-0.081166474505741,-0.9689352458962044,0.8532482386789316,0.31545621328922197,-0.43785881706646723,1.3461189187231741
82,-2.079560272178909,-0.02186132903352703,0.6379955919493243,-1.4823383350008505,-0.3277045575784743,-0.24571122350016367,-0.7138322726905,-0.03324246228398473,0.30652245579716125,-0.06114723814780064
83,1.8165363527717735,2.9561027863373006,0.8099625285169793,0.8675583924493185,0.556428282877448,-0.6717116890403523,-1.7111450918896436,0.46464741136792653,0.6270858902761577,-0.6952501279034767
84,2.1680219364907516,0.19092490081290786,-0.5578857665953905,0.1279316982417652,-0.00600614900771849,-0.13968155871692278,0.18165611626219066,-0.09329361092095148,-0.15498591980541032,0.5945128817292611
85,-0.6131682486580692,-1.988092427712783,-0.19140142973175014,0.47718018334716394,1.3113764566545156,-0.013691430968585692,-0.7017321441512528,0.4838680391831178,-0.059871985229652834,0.2620087494515101
86,-1.6509741977125054,-0.4000529927126702,1.347887672211994,-0.6043097827109954,-0.8752147964140269,0.8330716790509848,-0.24321469250463437,0.06687329619191584,-0.13202494175780538,-0.013994375075114796
87,-2.1481193056458703,-0.6125672446695907,0.1585280915421937,0.670356020035739,0.22077201092073262,-0.5999846548432679,0.020805053922120047,-0.008474591746835241,0.09158674018688759,0.2218384092265081
88,-0.23312491944637456,-0.940910691477943,-0.7947800204856869,1.0725640112521633,-0.6335571660878719,1.0804418946074204,0.19344167923172426,0.06337477202938928,-0.31112938151099284,-0.13456063646734728
89,-1.51374444955507,-1.6438122382224132,0.5444409424698411,-0.26349002976055425,-0.4642399704386073,-0.715895852005372,-0.8610248298022674,-0.0922712511667407,0.1470924589030659,0.24343625812368708
90,0.7281411654743514,0.4662812060172398,-0.8848374172091993,1.0082640563989855,-0.6115720215907289,0.6860984925887997,0.35584052347676276,0.04238212258255908,-0.4611577821069917,-0.41902589789984934
91,0.5907638962928174,-1.620565053821667,-0.3868757414843751,0.029195253371451808,0.14826070266736124,-0.4340328214586419,-0.4331134153247391,0.8705354889506256,0.43783214179826424,0.20721575093311026
92,1.1058298671162954,0.3256080403216289,-0.24895480842195716,0.4115599431713753,-0.4982703057781851,-0.324672900051507,0.09511792009128459,-0.1426881038754465,-0.44218955702854756,0.5536886222480651
93,-0.10377173157921356,-1.141274422386784,-0.296577874888748,-0.15482675987103586,-0.7995961129200716,-0.5541298079034693,0.3341859098356064,0.18992797461336106,-0.43844241787235944,-0.2209967457477626
94,-2.7724928466475145,0.9745906243918102,-1.983727426344802,-0.18702206586212353,0.01936085582496779,0.05410392313728371,-0.3820905582118167,-0.4114743925503534,0.5250910160513801,0.2743824470146867
95,3.336892558514079,0.6823173563538926,1.4661977668584822,-0.17211134693071783,0.023189584217796152,-0.2604937762740104,-0.11315571108220902,-0.0319573480214583,0.09059676758998063,0.015790827973264726
96,2.0525369112436653,-2.753975812809836,0.6986576696280297,-0.003723242513585842,-0.019286273994330864,-0.2521905746190279,-0.12813138716164696,-0.6441693222601647,0.11710465493921239,0.08905105024876739
97,-3.009697133798753,1.1362815098367662,-0.2618993668076682,1.0376287950931542,-1.4564738561603723,-1.129517801897637,1.5387502760379195,0.22670234665991235,0.46272512819570916,-0.28640728376136987
98,2.5336819829399984,0.43041964525331455,-0.559386754848803,1.5576405513522114,-0.16530944402782727,0.7867941716735115,0.4455176130365109,0.2828571762124464,0.013008655422481955,-0.3356594136089136
99,3.715346364317991,-1.2352412449184207,-0.6687866599638839,1.5022593840027554,0.3543973403012478,0.9637554253839345,0.7810386698866197,-0.5487007172354159,0.17388680392204675,0.21821364571423532
100,1.349114814222667,-0.3768072228199086,3.0438718156487523,1.0991934886011008,-0.8981994828636324,0.16191816887328322,1.0789750136419474,1.8763962886061174,0.33437071978231836,0.16807225789309072
101,0.7944860675320585,0.3175467515865229,1.916155588635247,0.34179398306491493,-0.32135098049240246,-0.12863321748193599,-0.8157736210818716,0.48054545313898817,0.35557187003548346,0.061833413064935686
102,0.31925196692651203,-2.3809693646991117,0.1396717686124287,1.0225724571141692,0.280173455982718,0.10188781157235366,-1.016088248309282,-0.2483489752966654,0.16871018112408975,0.38945353996822535
103,0.14044972108377107,-1.856054345498615,-0.7926951989530343,0.6202472111371099,-0.7330987763032161,-0.3020934496615913,0.5036989825223985,0.2863295249879573,-0.2746139404225429,-0.34669504429709397
104,0.655966990560461,-1.5807385252407151,-1.3479878378404178,-0.04665183966973419,-0.26676295032923303,0.5808675507422693,1.2323210097535715,0.8473330097941985,-0.0656490721569335,-0.0894282919830927
105,-0.592857353030894,-1.3564143334804397,-0.2963086260628315,-0.1013994567711098,-0.8715002988440562,-0.6115034987726625,-0.03791538816214917,-0.03896635949231477,-0.46011123056759673,-0.23566948559257658
106,4.851059313371075,1.0784915763822942,-1.1896795361245722,-0.693451934153219,0.7630703636508412,-0.12677126825961443,1.6539274361708463,0.047942484466780955,0.04344918346768525,0.8926374499768116
107,-0.764001709171569,-1.5259461121721332,0.6422794306697807,-0.3179399803151487,-0.9670613045134836,-0.7774122818764487,-0.3017034360887708,-0.29439472870157696,-0.48267299540041847,0.021502856117676723
108,-3.3026130416360813,0.9694129621088803,-0.6815650884075996,1.1232533117143653,-0.7387122084280828,-0.3654172542851603,0.5480668677455707,-0.8655499512982527,0.8233498673928111,0.06583568670599513
109,3.4316948380973806,-1.9143880460947,1.070045222006957,-1.1504117940062544,0.44279026320757764,1.0358707305006007,1.4915145525413194,0.1914041037592963,0.38015015562569354,-0.31191453453926216
110,3.0226891855885762,0.24039209102234124,-0.18976221722967787,0.9998026429503345,0.21734941327781998,0.6813652036027859,-0.25022695032891207,-0.8154845051422435,-0.06778524953854943,0.4812791600575477
111,0.5828324261349964,-0.7737149175538949,1.050673371643814,0.47332580198882207,-0.20128512969288875,-0.5266794615768513,-0.7345609521293232,0.7219631779338324,0.43321411043729935,-0.07162354102100806
112,3.5774818747147212,-2.7058299494845968,-0.3469435503887781,-1.443478969991469,0.7037694601112907,-0.4455586362723165,0.8237517777011035,-0.7144147902505764,0.3260479106045689,0.024672279101283928
113,-0.19855122294605707,-0.5772680880375128,0.428389676120661,-0.6247875787160085,-0.9686040259472957,-0.9064899837405891,0.18000233092559906,-0.251546971986617,-0.7344165409545007,-0.025657572667173206
114,-0.887858510514644,0.07635863973729971,-0.018924985694162177,0.38701912717703757,-1.0767024683090187,0.35410752486805364,0.42747725351047267,0.2588175418000252,-0.5775452874945063,-0.14696695904623922
115,1.9331249929735026,-1.3866296444931594,-1.5182981328289757,-1.4379114890357805,0.4115270352315871,-0.27068663421393147,0.48611501029147547,0.05124320203729049,0.11354876643102754,-0.022841444763100977
116,-0.7607941986955825,-0.09409152030927859,-0.2758747948215763,0.31610747063159766,-0.9328417202951143,-0.6004665816807367,-0.6918354592026165,-0.6869125884226671,-0.5994347965410508,-0.03337021883198059
117,1.9270210173366733,-0.7419612941366895,-2.980101201725536,-1.7029982095126344,0.7385450821842848,0.7380617752119069,1.1055550631456839,0.10274482874251996,0.03086481606860716,0.04185206266373273
118,1.217482673735308,1.1092288268897432,-1.6081475208564169,0.31457203738666617,-0.16191775751366685,0.7504127178297255,0.17309039391197512,-0.017725731300841225,-0.3666542577307714,-0.23173670342907066
119,1.5989925782513768,0.2719642636654544,-0.49138044474215253,0.47873849557258513,-0.04397938998870995,1.1165720878614454,-0.1021314625150573,-0.6289134818676433,-0.3040626580903248,0.22394689571259227
120,-0.5612091647657488,-1.3125729912883668,1.5736276375345417,2.9607479634600247,-0.019925731980529913,0.05660474426497029,-0.9353625107009224,-1.015919153303236,-0.0305331292180815,0.33780660855343225
121,5.093624163416611,1.345274297477318,0.2896224076368584,-0.1776239140263983,0.550406161565274,-0.8713784639860707,0.16501087118172453,-0.00037717221380893215,0.4120781081965043,-0.2741704274104802
122,-1.5853443435029937,-0.2770731789374369,0.2725949119131713,0.7187935361636442,-1.1412097145914417,-0.4063892332057736,0.03189776727738527,-0.026394358501494346,-0.24357262515466138,-0.03380818025164196
123,2.601160985604037,0.7563122706573173,1.6769037831565565,-0.1148006662278416,-0.42616856243785445,-0.2963035753697086,0.2873190540034264,-0.08934288692177275,-0.2907969304049938,-0.14844880910597952
124,-0.009000754318584863,0.24212768035514645,-0.08958566774586071,0.6711531281683362,-0.5132466177426085,0.1689679673534433,-0.5884012712151245,0.11331238810013265,-0.08709452929852514,-0.1749495408491266
125,-3.1261029318575035,1.0454059975303602,-0.07377942535628929,-1.995053754680474,1.2579490152068793,0.07928276865089164,-0.7789703601462157,-0.5028553623451311,0.2832099092133357,0.23081175167797624
126,-1.0629498962722785,-2.5120910355201866,0.4546744586580932,-0.26570677116475927,-0.35024559509946385,-0.6552007531924079,-1.4656353359616514,-0.062368228097000294,0.6013136415880214,0.229289420467354
127,-2.1068614251550195,1.4740991463670594,-1.5688996686595071,-1.0780948710860176,-0.40641587664947204,0.5333957663505627,-0.6153138975243321,0.2964785111594001,-0.05262348563643347,0.322483447029836
128,0.6274011460304254,-1.088339526143148,-1.393250798616784,-1.2347856673580155,-0.01734486817903133,-0.5340437651324111,-0.1410055424302428,-0.10762776875313688,-0.16861564363587822,0.007075559060734236
129,1.8379360721596687,-1.2228789158866218,-1.169803435782649,-0.7451058305100878,0.3475352631946456,0.6798173654732345,0.5134731927322003,-0.3221110392983837,-0.034643749394617604,0.26236244209697385
130,-1.3372771966468762,-1.09832572858035,-0.8909528332319485,0.5009447536579619,-1.0927913762027879,-0.4704032191175047,0.21408816372063016,0.3567106572304892,-0.41991412261915984,-0.2566717137878146
131,-0.938375583850145,-0.5895613352770264,2.341608913781183,0.7749435320133659,-0.4068908271280794,1.0115619429701164,-0.23355352398443838,0.22916883168243452,0.36183495776856106,0.05622195762865303
132,2.731913424986593,0.47298256820490236,-1.280188712862273,-0.42918116292946323,0.6090786935005648,0.7737309979587256,-0.6260102572419219,-0.6268749240712226,0.16758170957455498,-0.6816711965054256
133,-0.962721784473926,-1.058571275543793,-0.48028419551872653,1.6601631287368719,0.40328212536225283,1.1381892309033994,-0.25457088836972913,0.5265467016655012,0.10740550408492217,0.2034629914502011
134,-1.088329860349887,-0.9892771705834025,0.8840309116400317,-1.3540317313424364,-0.6789538230883162,0.1325764630477187,-0.19981636254639185,0.1909782285638101,-0.2450843410123365,0.042496670096865016
135,5.287961969127259,-1.0948063402626071,0.2051454936768384,-0.5259044336262728,0.7704760295527298,-0.13780279999139233,1.330992529012634,-0.6889595232690049,0.3160717304485535,0.14864884725845587
136,-0.8587155020708884,-0.4095819651072311,1.2203639306295624,-0.8694422563870768,-0.9435541801984763,0.07680377229908861,-0.09775590772983245,-0.23492031506046457,-0.6154952970765696,0.03778887608285132
137,-0.60737176810093,2.2936290335335987,-0.6208217480170969,0.0035842075019173114,-0.5880750844218016,0.01321825304394868,-0.11135767842962588,0.44494111080887117,-0.10518732118806241,-0.01710479317650053
138,4.491007621560187,1.42293401873519,-0.21504104781684039,-0.6858089751720783,0.6754378706786617,-0.6713659219219215,-0.2743350612467376,-0.08642407384333278,0.37554454054654207,-0.2784038663498753
139,-0.6161549197975397,-0.5269366475411504,-1.031155077923225,-0.5215236910945059,-0.06168111086905246,-0.6147026079605624,-1.215580094975075,0.041767229777819645,0.1151494942097202,0.11738569600915363
140,-1.7135324359056243,0.16715857702445658,-0.13938619602037416,1.2752281025661736,-1.6150313737371336,-0.8666591247749258,0.855447682794055,0.5114930310486309,-0.3052958752997514,-0.34319983570482054
141,-0.8975217653845555,-0.46854140724601817,1.6101453198801086,0.22030626368284453,0.24172251635995975,2.021765568021249,-0.5845658627448433,0.21018386200431344,0.24664589181037389,0.3913060531131101
142,-2.772704139744946,0.12851850342429902,0.7195807308770834,-1.362255721872129,0.12586151526392664,-0.14851941987449468,-0.315317027029779,-0.2538646401956479,0.39662370336360175,0.17493667477167618
143,5.192374492158672,2.1985955403224633,0.7583051556279116,0.39105766584711243,0.22322622512262288,-1.3321699381447119,0.1512532301863707,0.395519163107956,0.24982057552162623,-0.014195282139271015
144,-1.7892996816888,-0.24969501058918683,0.6278645666779752,-1.903466709809096,-1.0285538094628939,-0.34354354168055334,0.15895358967589454,0.3002884326247539,-0.6339262373179313,-0.14882828455574734
145,-1.575325242297711,0.025522024564665437,1.2123024924648915,-1.0441338628349557,-1.3737132872420896,-0.6209026784255821,-0.027563648526019505,-0.5299800743352012,-1.0231907454713058,-0.07948636302885231
146,-2.034568491430436,0.4202251439803752,0.07070273545516517,-2.224795154424926,-0.47442597230435135,-0.09708742722961199,-0.6336866272573823,0.23606708788392414,-0.12426513243001988,-0.054913335108483806
147,-0.14542390299004374,-0.3998009793893831,-0.7710011240858032,0.7429142964273538,-0.9237912513919386,-0.4800321052636158,0.36296127434309566,0.5158958770703729,-0.35874810305184035,-0.31995696182855426
148,-3.8260046628158406,0.8624570176935036,-0.1194023229733979,1.6971766005590998,-0.6650966331269388,-0.6136426616565013,0.9742975421684257,-1.2048278794377183,1.3026697059352106,-0.18648020421731537
149,-1.0683314278225533,-2.5174929389481964,0.44677262335377993,-0.3895352135079391,-0.3191463991558112,-0.34313198312567633,-1.0576647639991188,0.49129321083124144,0.7047244024860136,0.23583548470412521
150,6.407377663630948,1.0547797253846538,0.4529625624132249,-0.03746891746545868,0.8687428314157601,-0.6806236435141286,1.1691462521714442,0.5235167281348903,0.6175845400724995,0.6473493650509865
151,-2.3711371202754297,0.06105359234815255,-0.5026193163243947,1.479881421055011,-0.7331133563798415,0.41933322267979745,0.10637664864971938,-0.510281572767089,0.6082113036133584,0.009825588946000465
152,-2.4785894949535052,0.9007880659156347,-0.9137316505490743,1.0079015564849694,-0.5557280403212181,0.2079299615208134,-0.02929640822176595,-0.5409394308348512,0.39975476799569554,-0.2571911323210599
153,-1.106924917370885,1.792671457811683,-0.7999787938691238,-0.004201890002221277,-0.8202735146073036,0.8652472908930914,-0.2168097310827811,-0.643964905441171,-0.9010885521849625,0.2902259580610883
154,1.6044431159550214,0.31329450365353073,0.6773400623043049,-0.09452766027867968,-0.5529469198119051,-0.8295432301077688,0.05692049050841968,0.17068275119317777,-0.2555457439767666,-0.2144926148991722
155,3.834241826278597,2.7472323513245116,-0.32318460329570803,-0.9048532667357296,0.39523773209230806,0.5098916068543061,0.4408352911300055,0.37987182317517987,0.043795330240480254,-0.9854043440478621
156,-1.3722556631645095,-0.2650876984865195,-0.9487575144988918,1.2438102964709907,0.20176995855773716,0.9954492747741999,-0.5920717392213891,-0.06269987948955395,0.08960336181248944,0.252214011148312
157,5.423603053663629,-3.15095543587757,1.3569331407563192,0.8443916747451314,0.5810185717343982,-0.12135360039029025,0.8374437286344734,-0.9260774929181357,0.6477766658902233,-0.16610560005089606
158,-2.818093892776462,0.21476249847883563,1.2866665219500955,-0.772505456837077,0.019189679730731914,-0.19038078408722775,0.19224908260595255,-0.1875222487770682,0.3635054115563289,0.22034407495729766
159,-0.1118688401736495,-1.485762071212096,0.621815047833587,-0.3503714991553295,-0.8202403191741902,-0.7326489937153339,-0.08774150233947646,-0.20299306082515178,-0.43161984302357126,-0.010541242248568387
160,3.247050191592788,-0.16154116509495173,0.27295671237735475,1.1640921715719004,-0.008771962524680684,0.3777467887415653,0.08457674502289135,-0.1546270110462572,0.16918498549338046,-0.6413433550331656
161,-4.201882408073854,2.634493133747087,0.6761808278643364,-0.8718817079668509,4.170722773867608,0.7287248212853068,0.3408599242998589,-0.41210385586297965,-0.6983045658392911,-0.06492560248770882
162,-1.184066952294707,2.396776777103613,-1.567109263502996,-0.937398401931223,0.3413302804814813,0.9411614481014853,-0.44368051771336897,0.8068628246869629,0.5168846334485542,-0.1344013698720927
163,-2.051182163715207,-0.851721490203309,0.991140403201157,0.1318074752294666,1.6728496489822873,-0.543178984863714,0.5222908487284982,1.0264073549529946,-0.28401068163045873,0.34652457049291246
164,0.36310442010980387,0.6097598783226491,1.449670638499265,-0.2621574724229664,-0.6539363871011367,1.08935865217262,0.18695971445614104,-0.05723061000578409,-0.48749129110578093,0.23664381882644997
165,-3.910700760993013,0.5318188059726053,0.9033596894250071,-1.409799569046457,-0.7415133759163028,-1.223337136557187,0.23309821627012733,-0.888156312745128,1.701747688908973,0.17013154950498513
166,2.4229951723154604,0.2172729010263618,-0.4802414149582901,0.6190097078954754,0.20581111121969106,0.9343490582031815,-0.2830235170052142,-0.8039305587414062,-0.1364806220351601,0.35296731731229314
167,3.653040220319918,2.146998333133869,-0.3820106254825576,0.700869665380239,0.20130871030192624,-0.20550121537691415,-0.4721337974511217,-0.09252439803203026,0.06827635452294906,-0.20992155344038238
168,0.9850531775817122,0.8730988950261033,-0.6607155330156541,0.0621044671599484,-0.31534875860074907,0.0020108491941154224,-0.3865503845014875,-0.24480645333051687,-0.3609813464717222,0.0013265056887667495
169,-1.8583710434430718,-0.24569670629066612,0.6839274562808646,-1.7070436220876835,-0.9735016614603682,-0.2209294718031358,-0.14811981147523096,0.13716831629899004,-0.5203363736523624,-0.14970353606859235
170,0.37944782713323727,0.48453667279586377,-1.3989975690764767,0.5372473001611033,-0.39452659406985335,0.7644749975229436,-0.16993484965462424,-0.230035642642275,-0.4215291465665294,-0.3950935451612812
171,2.2230187775967862,2.6202193028934375,0.17529438719388232,1.0565411698320972,-0.6872288667186359,-0.39219920395521324,0.10849452531681372,0.12443806375460677,-0.5371288646897222,-0.32010932988149515
172,3.390923247033249,-0.08813724790726131,-0.6231000498025835,0.13964558478883615,0.39982615982763564,-0.17507380257739735,0.2573173179766758,-0.26564331810503816,0.10518123838808907,0.661768478362833
173,4.141536845430963,-0.4715220827568352,0.3049151536131237,-1.624182140564096,0.9712038087142547,0.8585381821623991,0.4699530335070353,-0.22244197794970053,0.5529642343174267,-0.4442808808696883
174,1.9926542254553261,1.1149627842624987,0.7417136142251823,0.43840825064463773,-0.17428536894279162,-1.0009305098122876,-0.7079930113856273,0.29557552655789193,0.07460859970655831,0.8093430794298513
175,5.742750094943627,0.9677834296078354,0.20153890457563162,-0.23834258051085905,0.8544775264775829,-0.6589145327674698,0.6111876444490199,0.19475082806918742,0.5362668672316342,0.5568569112644208
176,-3.086853485204933,0.2980951639907431,-0.7448305197706949,1.283085984736458,2.9921106104196085,-0.12468534573003312,0.17374336383892264,-0.062189232034171454,-0.732786168865051,-0.28826450668602094
177,-2.042887537528265,-0.8643911710653881,0.31894965521041146,0.8809295475724395,-0.39436267746454634,-0.503723161515921,-0.15095476964154952,-0.2886847516809608,0.28849988819667177,0.13484538602374388
178,0.3218000089198453,0.9416635817525164,-0.7393100606721305,-0.13771198597772488,-0.6120813604365186,-0.44480645539328023,-0.09795478516797233,-0.5163382458388781,-0.7810685318369222,0.5851099073027813
179,1.1354155244569062,-0.8703042513681369,1.4090907042887677,-0.643756092889076,-0.40742650907524997,0.398392460191752,0.4251985709089705,0.24289775104659939,-0.1324891006583669,-0.026728946334314333
180,-2.7382976222779485,-1.1909715244934447,-0.4167782214437234,0.8870801327037874,-0.10699801344041675,-0.8077441338759703,0.9218327937285851,0.7981608758563674,0.3246652277714934,-0.16770087169132905
181,0.6224614356102129,1.2590278755698359,-0.8130481760135968,-0.10457329680959467,-0.24303224239242974,0.7495609992320486,-0.4417932736204239,0.18426042639856152,-0.166858755520295,-0.6066059724961526
182,-1.5484140725074416,-1.2356876979571187,-0.4170803926770289,0.3122608611011509,4.599418585239501,-0.5333364512933696,-0.4969020911451286,0.7086858644570471,-1.3271784433073408,0.03032323174352551
183,-2.769389959145559,-0.2292261813623407,-0.025811310634792032,2.0921474066192176,2.5609378170671415,-0.09235861471969406,0.3108390154746784,-0.13681571276478793,-0.7887264572142771,-0.3516872996208182
184,-1.6658168921889411,-1.1961940893045933,-0.11265386351814244,0.580544300741428,2.5833655553247397,-0.2269457404495848,-0.4472856222003392,0.5842006795238348,-0.6681552112207717,0.08952835765987217
185,0.99857566558978,-0.4251611340019694,2.0716930026889773,0.18352246764684188,-0.7785560407622906,0.6259872905529846,0.579935596950485,0.31464481088051066,-0.2781544090794421,-0.09612345576574197
186,-0.09194442769991248,-1.050540780257932,1.1396581326978406,-0.889984760492271,-0.48018113740581625,1.2152075798724604,0.1522929540909473,0.09097292970767361,-0.25269199418548904,-0.21951604692223567
187,-1.7772890124555352,-1.183959406315371,-0.8784766801554467,0.4397602786820072,-1.1065163290232807,-0.46290349742566644,0.33072250370541323,0.6815957335089428,-0.1937882445991873,-0.13716013058903234
188,-2.5762903052416513,-0.0679639484799161,0.5355809442991719,-1.7943332681042474,-0.6396007230662951,-0.26273814381608995,-0.2625034290100805,0.0895853187804897,0.25887041519715764,0.034990634696449086
189,-3.247097524867586,-0.7938939692865659,2.086572450440274,0.3102843451615977,4.1376429626429445,-1.3740769899207677,-0.1587392989997962,-0.33416075259759376,-1.318103512684378,-0.37473351859608184
190,0.39055333798585146,0.35737599623356836,-0.08452038745049982,-0.484063237538873,0.2658125203842408,-0.212791253018861,-1.7607344574035777,0.08454642297943349,0.3771286874666696,-0.36550149462545095
191,-0.6486739297116247,0.7431908389702092,1.0373524936991643,-1.1755414855689925,-1.0821070283479617,-0.05007535634927325,0.464552074150977,-0.11037036331270365,-0.9510686656119653,0.030567854997342953
192,-1.680767769612271,-0.05221610922484721,-1.7524461148687747,-0.3994819959861029,-0.5120788817088819,0.34754104645578515,0.47439932895939385,1.160904877838719,-0.04067784359051791,0.22171094294844165
193,-2.2146609518523994,1.329420866937905,1.4036399062633775,-0.39135772103384436,-0.6684679246861363,2.2666493547149518,0.761801261782301,0.4327528116201935,0.21539476044551623,0.018421873426869937
194,-0.415004274911463,0.4538410200729709,-1.535259714195373,0.475552217778061,-0.20220845196377685,0.9255567435056614,-0.6670907081313544,0.1229863506375352,-0.06580857316626909,-0.2465882981877969
195,2.21355944023134,1.6635306073609708,0.7517315068103227,0.5075267104812516,-0.45639803610366775,-1.5156393336669693,-0.8531044073676978,-0.4108079942386166,-0.3347314804131112,0.7357037007244086
196,1.5346578726486815,-0.10403105426760842,0.3820618938035337,-0.30463609725650415,-0.29451269035959615,-0.7242951759035511,-0.46233627178830106,-0.08729516619746917,-0.097860371187255,-0.1831587508658472
197,-1.9114634134007835,1.1243871005413857,0.40901969341506184,-1.2312363399299486,0.31824587967633444,1.5530858004261345,-0.6196290508784461,-0.06774076921787187,0.3143770689978789,0.37019640170630724
198,-3.751915940736476,1.1980214183537392,-0.84406773409897,1.079229135066593,-0.3411772203523313,-0.3813547840167355,0.31021902272685586,-1.3430348650383397,1.365630594687501,-0.0670792088188902
199,-3.0434307392579405,0.12235643473657865,1.2684302934750789,-0.7720816351033001,-0.046923675095168996,-0.35673031683904366,-0.008208161185338037,-0.5267900414265938,0.5512955767207429,0.07181087477621931
200,4.087161549896047,-2.734512117186377,-0.2867504023350703,-1.0806332690607336,0.9641816523917904,0.15082571705797101,0.459579793185884,-1.1307996545580288,0.481483688030801,-0.0807876928913931
201,-0.44493417986247574,1.7043959006669949,0.420054875774775,-1.5856004675994446,-0.7060619703628986,0.42350528762651946,0.0274949591831249,-0.3498947807011104,-0.9209131041586385,0.10832965470390178
